Model,Accuracy,Precision,Recall,Auc_pr,Roc_auc,MCC,Log_loss
RandomForest,0.9106104651162791,0.5882316099043033,0.813957480409575,0.8661610741513974,0.9555212328099651,0.7189414703222659,0.21888812506872404
LogisticRegression,0.8682170542635659,0.47031012282887535,0.8233947983631554,0.7468457148525925,0.9146694626448147,0.5690473322706572,0.2889341588558226
MLPClassifier,0.8934108527131783,0.48260083785994895,0.8343028213897791,0.7977641881511538,0.9264753406478758,0.6726753648126861,0.5851109894917674
KNeighbors,0.9106104651162791,0.6870693044394611,0.8154467585655779,0.8654635744144452,0.9456172576771168,0.716975736937252,0.5568415994967825
XGBoost,0.9156976744186046,0.5072719229942344,0.8579141147047208,0.8765657370938271,0.9565797563156717,0.7354675128078086,0.21069540593865826
AdaBoost,0.8808139534883721,0.489687714208795,0.8391617984791964,0.8178114778843627,0.9340224036526852,0.6163828441464032,0.6913493857249903
