Model,Time_Taken,Time_Taken_CFE
RandomForest,,4872.576730012894
LogisticRegression,,510.89598989486694
MLPClassifier,,674.2601828575134
KNeighbors,,12942.017940282822
XGBoost,,1383.2260737419128
AdaBoost,,10047.98461651802
