Model,Accuracy,Precision,Recall,Auc_pr,Roc_auc,MCC,Log_loss
RandomForest,0.9014215800512702,0.7750634255587865,0.8277032359905288,0.904926482929013,0.9473248476800172,0.7598306561333661,0.7547072838298626
LogisticRegression,0.8128641342344441,0.5709764507795967,0.762462561144611,0.7615071137641732,0.880476446256833,0.5310103504358896,0.3862954405145156
MLPClassifier,0.8757865299463995,0.6034759791659223,0.8014775476286728,0.8527470691218317,0.9278535462681081,0.6962162996192225,0.5578399491606167
KNeighbors,0.9002563505010487,0.76778884735819,0.8367360945270321,0.9076010065139977,0.9490426234950703,0.756493711978403,0.7392145870557495
XGBoost,0.880447448147285,0.619377824811183,0.8104919700389798,0.8908117986209874,0.9460847030647741,0.7076639697908,0.2674480377748414
AdaBoost,0.8466557911908646,0.5978651116915528,0.7811720897719998,0.829296680393457,0.9098585950647908,0.6192094153400278,0.6912847064486299
