Model,Time_Taken,Time_Taken_CFE
RandomForest,,6802.420968294144
LogisticRegression,,410.24690675735474
MLPClassifier,,585.8015370368958
KNeighbors,,2680.16863155365
XGBoost,,663.3191616535187
AdaBoost,,12252.764921426773
