Model,Accuracy,Precision,Recall,Auc_pr,Roc_auc,MCC,Log_loss
RandomForest,0.9145383104125737,0.7220062876128689,0.745397193738526,0.851861290482574,0.9461820535338064,0.7324885233701018,0.33056297288482006
LogisticRegression,0.8769646365422397,0.47659140295913405,0.8278548793117492,0.7685930555970066,0.9183902362546581,0.6014724884754745,0.28200679982968346
MLPClassifier,0.8921905697445972,0.486988339432106,0.8423296402968172,0.8121842311460964,0.9326849459147244,0.6569899357628424,0.2737483993278544
KNeighbors,0.8720530451866405,0.6765157765699046,0.5832071344438835,0.7568518851150987,0.8971436893324518,0.597306455187301,1.0092151379526695
XGBoost,0.900049115913556,0.5053512603443994,0.8480162570351655,0.8520214439619366,0.9485458061116233,0.6823982742771592,0.22660333143630254
AdaBoost,0.8769646365422397,0.48038289395458295,0.8250282158114022,0.7900218806961937,0.9228010760409848,0.603314045702691,0.6587363416982573
