Model,Time_Taken,Time_Taken_CFE
RandomForest,,838.4808096885681
LogisticRegression,,442.40618419647217
MLPClassifier,,652.4239025115967
KNeighbors,,3557.418957710266
XGBoost,,575.6440637111664
AdaBoost,,799.378369808197
