Model,Accuracy,Precision,Recall,Auc_pr,Roc_auc,MCC,Log_loss
RandomForest,0.8771750255885363,0.6930142359366503,0.7173961903691634,0.8206466727355343,0.9241248925566643,0.6609672405877983,0.33875649356699733
LogisticRegression,0.8541453428863869,0.5167879209959654,0.8055040319191262,0.7603709571594233,0.9038817918654987,0.5940319987334869,0.33665528731973937
MLPClassifier,0.8592630501535312,0.5223809580978934,0.8130865816101079,0.7809986773078951,0.9106205531867447,0.621056175675998,0.38153837296964893
KNeighbors,0.8393039918116684,0.6589174608869588,0.5987525987525987,0.7432444557302151,0.8781476133818291,0.55992964331432,1.2330053410809525
XGBoost,0.872057318321392,0.5421704107253832,0.8260814273921866,0.8371606752395824,0.9328854939852903,0.6421921740748171,0.27815815288865675
AdaBoost,0.8715455475946776,0.5398101845796491,0.799394895101514,0.8067918230821647,0.9158752203558721,0.6391831309017666,0.6452751547517142
