Model,Time_Taken,Time_Taken_CFE
RandomForest,,370.74400448799133
LogisticRegression,,199.78866457939148
MLPClassifier,,289.21698689460754
KNeighbors,,980.3717589378357
XGBoost,,264.4119145870209
AdaBoost,,374.0698354244232
