Model,Accuracy,Precision,Recall,Auc_pr,Roc_auc,MCC,Log_loss
RandomForest,0.8015267175572519,0.6017754855681283,0.6753040719196193,0.7305141241670083,0.8917741935483872,0.47561757492019224,0.3467993963520868
LogisticRegression,0.816793893129771,0.4990962916494072,0.8062072336265884,0.7359778387120158,0.9041935483870968,0.49290322580645163,0.3357160394346015
MLPClassifier,0.8244274809160306,0.49297272333838843,0.7998533724340174,0.7214318172093348,0.8958064516129032,0.5194945158241098,0.4551473608719752
KNeighbors,0.7938931297709924,0.6343602409433737,0.5944700460829493,0.7293358409228814,0.8701612903225806,0.4487926425098452,0.6059744215942419
XGBoost,0.8244274809160306,0.4924834251911547,0.7938931297709924,0.7166454786016312,0.89,0.49831939829725813,0.4596144356503527
AdaBoost,0.7938931297709924,0.49663817895162243,0.7823902696985721,0.7187962463638717,0.8851612903225805,0.4487926425098452,0.5938478500287877
