Model,Time_Taken,Time_Taken_CFE
RandomForest,,38.41371989250183
LogisticRegression,,13.259834289550781
MLPClassifier,,20.567147493362427
KNeighbors,,34.20626139640808
XGBoost,,16.664677143096924
AdaBoost,,26.38308811187744
