Model,Accuracy,Precision,Recall,Auc_pr,Roc_auc,MCC,Log_loss
RandomForest,0.8333333333333334,0.46028802948525305,0.7492537313432837,0.6743135708333732,0.8274509803921569,0.4766832184546699,0.40708616509050705
LogisticRegression,0.7878787878787878,0.4394446285303229,0.7631840796019902,0.5929752835081487,0.8457516339869281,0.282872924795562,0.4060065605737872
MLPClassifier,0.7878787878787878,0.442816011544732,0.7960199004975126,0.5885184078373734,0.8888888888888888,0.33954987505086615,0.8290923634576866
KNeighbors,0.8333333333333334,0.6167798375459665,0.5555555555555555,0.6703847228040776,0.7941176470588236,0.4942663261460832,1.8909785876828822
XGBoost,0.8484848484848485,0.4593796739786136,0.7512437810945273,0.6814088444170113,0.8300653594771241,0.5219853959483011,0.5338970727979119
AdaBoost,0.8333333333333334,0.4973238960082292,0.8148148148148151,0.7732361080271296,0.9222222222222223,0.4632542093436875,0.5825207294874573
