Model,capital-gain,marital-status,age,hours-per-week,capital-loss,workclass,occupation,education,race,native-country,sex
RandomForest,0.49230769230769234,0.4373076923076923,0.34307692307692306,0.25653846153846155,0.2353846153846154,0.1823076923076923,0.17461538461538462,0.14807692307692308,0.11538461538461539,0.11346153846153846,0.10038461538461538
LogisticRegression,0.37576923076923074,0.10884615384615384,0.18923076923076923,0.1823076923076923,0.4907692307692308,0.09230769230769231,0.11153846153846154,0.11384615384615385,0.07230769230769231,0.0926923076923077,0.025
MLPClassifier,0.33576923076923076,0.14461538461538462,0.23961538461538462,0.13846153846153847,0.44884615384615384,0.135,0.15846153846153846,0.12230769230769231,0.07769230769230769,0.13153846153846155,0.037307692307692306
KNeighbors,0.445,0.06846153846153846,0.11846153846153847,0.13423076923076924,0.4203846153846154,0.08115384615384616,0.08961538461538461,0.10307692307692308,0.055384615384615386,0.06769230769230769,0.03923076923076923
XGBoost,0.32,0.3423076923076923,0.5315384615384615,0.31884615384615383,0.13653846153846153,0.2773076923076923,0.13807692307692307,0.1626923076923077,0.18153846153846154,0.15269230769230768,0.075
AdaBoost,0.4646153846153846,0.075,0.33884615384615385,0.1226923076923077,0.31115384615384617,0.0926923076923077,0.23615384615384616,0.11384615384615385,0.05692307692307692,0.13615384615384615,0.038461538461538464
