Model,Time_Taken
RandomForest,128.93868398666382
LogisticRegression,11.19753623008728
MLPClassifier,14.334789276123047
KNeighbors,19.297497987747192
XGBoost,15.111348867416382
AdaBoost,92.75380301475525
