Model,Accuracy,Precision,Recall,Auc_pr,Roc_auc,MCC,Log_loss
RandomForest,0.9210526315789473,0.6332109068710032,0.8086638753825541,0.8967782129861533,0.9605343078187362,0.7768705882688534,0.21035594302712565
LogisticRegression,0.8543752018082015,0.5097988302727403,0.8049457573782017,0.761081693382317,0.9044178624109253,0.574697859718343,0.321060530555564
MLPClassifier,0.8948982886664514,0.5295128932652411,0.8297406701092132,0.8331301294439292,0.9317516124080396,0.708375811908255,0.5571204404053324
KNeighbors,0.9160477881821117,0.7440192697951745,0.8471851083503033,0.9055415815158272,0.9570869488438445,0.7621409328066786,0.5559819417849878
XGBoost,0.9057152082660639,0.5506576367814765,0.8411266625334999,0.8845444367278439,0.9536574798650979,0.7328705796140151,0.22813957617276615
AdaBoost,0.8756861478850501,0.5282548750885387,0.8215740289684565,0.8248313015444972,0.9268038021435678,0.6382302455911041,0.6914983930274518
