Model,Time_Taken,Time_Taken_CFE
RandomForest,,7710.894074440002
LogisticRegression,,652.4516475200653
MLPClassifier,,888.9458949565887
KNeighbors,,6284.361742258072
XGBoost,,1095.0591571331024
AdaBoost,,18101.850368976593
