Model,Accuracy,Precision,Recall,Auc_pr,Roc_auc,MCC,Log_loss
RandomForest,0.928,0.42742932277332013,0.6494444444444445,0.5616493439485488,0.9170857142857143,0.36475785082494194,0.2293293825483566
LogisticRegression,0.952,0.23542059391476358,0.8994285714285716,0.67066699636104,0.9434285714285714,0.5168888495100791,0.13403788919958515
MLPClassifier,0.944,0.215613210478647,0.894006309148265,0.4963319980528457,0.9372571428571428,0.5074891837564409,0.16289555000438014
KNeighbors,0.9413333333333334,0.6007482993197278,0.4628571428571429,0.5774285714285714,0.8924571428571427,0.49285802014169033,0.3960982243836097
XGBoost,0.9253333333333333,0.21746986738646626,0.8374144486692017,0.3779015876313966,0.9092571428571429,0.30147595550681017,0.18416252510210634
AdaBoost,0.9466666666666667,0.22270993518924467,0.8725358851674642,0.46771546839922823,0.9304571428571429,0.5231907520020637,0.5098215199055088
