Model,Accuracy,Precision,Recall,Auc_pr,Roc_auc,MCC,Log_loss
RandomForest,0.9411764705882353,0.34512229938255073,0.5229276895943562,0.3808231854296771,0.892823418319169,0.26485666154544907,0.23120659690337406
LogisticRegression,0.9598930481283422,0.1789537012325459,0.8778891673628517,0.5023561545374865,0.9125859975718331,0.5258762388268963,0.13644425903729906
MLPClassifier,0.9358288770053476,0.1565464894605559,0.8218797723170902,0.37031283519852226,0.8530959125859975,0.3053109452083449,0.2350289878150628
KNeighbors,0.93048128342246,0.3025645384980424,0.35714285714285715,0.20962377164423202,0.7646701740186159,0.11327840382854325,0.7746439677544065
XGBoost,0.946524064171123,0.17757804271718042,0.8284409654272668,0.38989426720471343,0.8826386078510724,0.34064579040390197,0.17290062172926055
AdaBoost,0.9491978609625669,0.17956721657632208,0.8246474555487432,0.4883030305405317,0.8582894914339673,0.4413973048490203,0.47110657425361313
