Model,Time_Taken,Time_Taken_CFE
RandomForest,,66.31714057922363
LogisticRegression,,33.49306511878967
MLPClassifier,,55.95926070213318
KNeighbors,,71.50266742706299
XGBoost,,44.695436239242554
AdaBoost,,62.77449035644531
