Model,Accuracy,Precision,Recall,Auc_pr,Roc_auc,MCC,Log_loss
RandomForest,0.9490084985835694,0.49334575515599777,0.8640100250626568,0.8605701701383921,0.9730037040227408,0.7697176043035902,0.14469402885280963
LogisticRegression,0.9079320113314447,0.35149877883848707,0.8799226243249779,0.7117791129946834,0.937669049875097,0.5577606387022949,0.20371624216572454
MLPClassifier,0.9305949008498584,0.35682299744338236,0.8835475786239793,0.7579487984368517,0.9383064863468,0.7006896961803938,0.4722889065309068
KNeighbors,0.9419263456090652,0.6507858812623907,0.8364722617354196,0.8781349095982317,0.9665948832802136,0.7335246172440562,0.2199941436774212
XGBoost,0.9362606232294618,0.3654535015577763,0.8951093117408907,0.7991387140066345,0.9526918769919891,0.7227580648315703,0.21259640840963018
AdaBoost,0.9093484419263456,0.35863870646712587,0.8767954368680322,0.7254084021316062,0.9398397794814368,0.5779823357750197,0.6685797849368981
