Model,Time_Taken,Time_Taken_CFE
RandomForest,,828.0900893211365
LogisticRegression,,92.36050820350647
MLPClassifier,,124.0682213306427
KNeighbors,,354.75593304634094
XGBoost,,152.2476098537445
AdaBoost,,1583.246348142624
