marital-status,capital-gain,hours-per-week,occupation,age,capital-loss,education,native-country,race,workclass,sex,Model
0.5638461538461539,0.43115384615384617,0.2876923076923077,0.25884615384615384,0.2453846153846154,0.2326923076923077,0.2073076923076923,0.11538461538461539,0.09461538461538462,0.09346153846153846,0.085,RandomForest
0.11576923076923076,0.6692307692307692,0.1673076923076923,0.10076923076923076,0.10461538461538461,0.1523076923076923,0.09307692307692307,0.07230769230769231,0.05653846153846154,0.06884615384615385,0.040769230769230766,LogisticRegression
0.10884615384615384,0.6257692307692307,0.1473076923076923,0.11192307692307692,0.11807692307692308,0.16076923076923078,0.10653846153846154,0.0973076923076923,0.07192307692307692,0.0876923076923077,0.03576923076923077,MLPClassifier
0.08615384615384615,0.6396153846153846,0.17038461538461538,0.09423076923076923,0.13230769230769232,0.17153846153846153,0.10230769230769231,0.07692307692307693,0.06653846153846153,0.07615384615384616,0.045,KNeighbors
0.3557692307692308,0.27153846153846156,0.38076923076923075,0.19923076923076924,0.4207692307692308,0.16807692307692307,0.1519230769230769,0.085,0.09153846153846154,0.07923076923076923,0.061153846153846156,XGBoost
0.10384615384615385,0.3423076923076923,0.23884615384615385,0.22384615384615383,0.30653846153846154,0.16692307692307692,0.17038461538461538,0.22192307692307692,0.07846153846153846,0.09615384615384616,0.04153846153846154,AdaBoost
