Model,Accuracy,Precision,Recall,Auc_pr,Roc_auc,MCC,Log_loss
RandomForest,0.8512269938650306,0.6763230344820846,0.6008403361344538,0.7423813696901124,0.9012581356019064,0.5781248301689381,0.32819090510909604
LogisticRegression,0.8496932515337423,0.5136889117770809,0.8079251513483765,0.761359044019128,0.9077538051555374,0.5615858708205514,0.32307838674102896
MLPClassifier,0.848159509202454,0.5050633987732607,0.7985592420787797,0.7399007626932719,0.8943781069030903,0.5664506474914839,0.36485138473597795
KNeighbors,0.8266871165644172,0.6441945534449723,0.5352622061482821,0.6790853087361108,0.8389791421103879,0.4974515372574003,1.2876293846993376
XGBoost,0.8604294478527608,0.527014717061101,0.8182104972593556,0.8106731522787073,0.9202967252600831,0.5964551986510424,0.2959153015837538
AdaBoost,0.8496932515337423,0.5402572742086335,0.7812922817883882,0.7881207079432639,0.9116230205504022,0.5662691751436691,0.6354242383197208
