Model,Time_Taken,Time_Taken_CFE
RandomForest,,122.28094291687012
LogisticRegression,,65.26161360740662
MLPClassifier,,91.97089982032776
KNeighbors,,162.92966103553772
XGBoost,,79.3641288280487
AdaBoost,,125.59796285629272
