Model,Accuracy,Precision,Recall,Auc_pr,Roc_auc,MCC,Log_loss
RandomForest,0.8833333333333333,0.43501566387355217,0.8216981132075472,0.7246736950826791,0.916,0.5340179792444579,0.2684181230121317
LogisticRegression,0.9,0.4122487777608331,0.8512500000000001,0.7501008397530031,0.9265,0.6036724982763437,0.23879670740098308
MLPClassifier,0.9,0.41811422757649075,0.8566115702479338,0.7863025760667608,0.9315,0.6139406135149205,0.2302618969876712
KNeighbors,0.8916666666666667,0.5325700835708727,0.6426229508196721,0.6536178275225133,0.887,0.5518192679714116,0.28500546600650617
XGBoost,0.9,0.413274793683387,0.8427350427350427,0.7636806040490887,0.91725,0.6036724982763437,0.251146350420222
AdaBoost,0.875,0.41975231615655834,0.8576576576576577,0.777214503056515,0.9365,0.50709255283711,0.5703119691978945
