Model,Time_Taken,Time_Taken_CFE
RandomForest,,23.16629934310913
LogisticRegression,,14.303290843963623
MLPClassifier,,22.820318460464478
KNeighbors,,30.860681295394897
XGBoost,,21.510029077529907
AdaBoost,,369.82560682296753
