Model,Accuracy,Precision,Recall,Auc_pr,Roc_auc,MCC,Log_loss
RandomForest,0.8484848484848485,0.59464050427333,0.7852941176470589,0.7808551651582412,0.9285714285714286,0.5794719370517742,0.32579496652705386
LogisticRegression,0.8181818181818182,0.5330309301965843,0.7857769973661108,0.7743976973776217,0.8907563025210083,0.524609843937575,0.35354275719073763
MLPClassifier,0.8333333333333334,0.5506249705049966,0.8121158911325724,0.8165407276621873,0.9267707082833133,0.5419063756342383,0.33908078504171735
KNeighbors,0.7727272727272727,0.6643475572047001,0.5126050420168067,0.6833460656990069,0.8235294117647058,0.3511637695775181,0.8993099800495333
XGBoost,0.8181818181818182,0.49112740560949697,0.778753292361721,0.639093600934568,0.8811524609843938,0.5073431545587758,0.4929319286793403
AdaBoost,0.8181818181818182,0.5123074941482759,0.7520361990950225,0.7285688199662157,0.8499399759903961,0.524609843937575,0.5862198918527057
