Model,capital-gain,marital-status,age,hours-per-week,education,capital-loss,occupation,workclass,native-country,sex,race
RandomForest,0.5765384615384616,0.39653846153846156,0.3180769230769231,0.17038461538461538,0.1676923076923077,0.13807692307692307,0.12730769230769232,0.11653846153846154,0.075,0.07038461538461538,0.06230769230769231
LogisticRegression,0.6673076923076923,0.14307692307692307,0.135,0.13423076923076924,0.125,0.14153846153846153,0.09192307692307693,0.07769230769230769,0.09153846153846154,0.03576923076923077,0.07153846153846154
MLPClassifier,0.6330769230769231,0.14884615384615385,0.13538461538461538,0.12346153846153846,0.13923076923076924,0.13692307692307693,0.09615384615384616,0.0876923076923077,0.09615384615384616,0.03461538461538462,0.06615384615384616
KNeighbors,0.6815384615384615,0.07846153846153846,0.13192307692307692,0.1346153846153846,0.10076923076923076,0.17038461538461538,0.0926923076923077,0.07,0.07346153846153847,0.046538461538461535,0.05576923076923077
XGBoost,0.48,0.3892307692307692,0.31884615384615383,0.19807692307692307,0.1723076923076923,0.11,0.10038461538461538,0.09346153846153846,0.07769230769230769,0.04230769230769231,0.06423076923076923
AdaBoost,0.5611538461538461,0.10230769230769231,0.2453846153846154,0.1596153846153846,0.15384615384615385,0.10961538461538461,0.09384615384615384,0.0823076923076923,0.16692307692307692,0.03884615384615384,0.05730769230769231
