Model,Time_Taken
RandomForest,19.543216228485107
LogisticRegression,9.352600574493408
MLPClassifier,12.817961692810059
KNeighbors,13.683467864990234
XGBoost,11.6871817111969
AdaBoost,21.465167760849
