Model,Accuracy,Precision,Recall,Auc_pr,Roc_auc,MCC,Log_loss
RandomForest,0.9096437880104257,0.6408161479032726,0.8060934708658901,0.8996369098758059,0.9582398546513766,0.7569123589144342,0.23142838313883835
LogisticRegression,0.8432667245873153,0.5274252482407823,0.7966908333470597,0.7690055668604348,0.8990526978307403,0.5608609683466289,0.3350771508490781
MLPClassifier,0.8960903562119896,0.554527049331797,0.8251449877460393,0.8569441338587837,0.936349292749487,0.722902213856738,0.46078283198371756
KNeighbors,0.9082536924413553,0.7457618758094952,0.8509580487726629,0.9054184841108447,0.9547601290381589,0.7526425274758829,0.6296670634365752
XGBoost,0.9013032145960035,0.5670538198875968,0.8378042057600394,0.8885977507702605,0.9528913016294154,0.7337415087033481,0.2362891047812399
AdaBoost,0.8695047784535187,0.5459301113490254,0.814932604368968,0.8299062911274484,0.9233685618040268,0.6391974704687522,0.691579184118369
