Model,Accuracy,Precision,Recall,Auc_pr,Roc_auc,MCC,Log_loss
RandomForest,0.9137091162143354,0.6407632905553784,0.8033746592537845,0.8947321906182344,0.9532961023293863,0.7644832560203545,0.25456377358328763
LogisticRegression,0.8453375086986779,0.5210514423719373,0.7941261433538077,0.76017786023461,0.8958587896925045,0.5623182870630018,0.33972319781820615
MLPClassifier,0.8877870563674322,0.5421988609216402,0.822703024611777,0.8324423624423143,0.9267618119663872,0.6995816075602275,0.5825091704314768
KNeighbors,0.9093597773138483,0.7360363936202738,0.8396549262162966,0.8959490393611714,0.9503532231633882,0.7517253406571136,0.6638199597734308
XGBoost,0.9027487821851079,0.5631357824427473,0.834061502699768,0.886355963640569,0.9487849873926303,0.7328234468352824,0.245745437565171
AdaBoost,0.8646485734168406,0.5403433718075349,0.8173524566680991,0.8281770517898595,0.9238592207247555,0.6205602153661823,0.6915054807578506
