Model,Time_Taken,Time_Taken_CFE
RandomForest,,6313.984878063202
LogisticRegression,,649.6871318817139
MLPClassifier,,920.5719766616821
KNeighbors,,22923.60322356224
XGBoost,,1872.4013893604279
AdaBoost,,15453.549687385559
