Model,Time_Taken,Time_Taken_CFE
RandomForest,,6973.481678247452
LogisticRegression,,577.8436286449432
MLPClassifier,,824.6356904506683
KNeighbors,,5195.24005317688
XGBoost,,970.3938076496124
AdaBoost,,16232.899036884308
