Model,Accuracy,Precision,Recall,Auc_pr,Roc_auc,MCC,Log_loss
RandomForest,0.8333333333333334,0.4599674582761622,0.7727272727272727,0.5909075197284803,0.86875,0.5199154223949525,0.3869410214534967
LogisticRegression,0.7878787878787878,0.49421031324863546,0.7789179104477612,0.7119138937542201,0.87375,0.39834823795432894,0.36180247454140685
MLPClassifier,0.8333333333333334,0.4994023721276984,0.792910447761194,0.7185474498010254,0.8925,0.5199154223949525,0.3558517728775196
KNeighbors,0.8333333333333334,0.47557004019774296,0.640625,0.5433549666683312,0.8525,0.5059644256269407,0.4005781872080394
XGBoost,0.8333333333333334,0.46705309750775975,0.7798507462686567,0.6138394080603349,0.875,0.5199154223949525,0.37853824579564993
AdaBoost,0.7878787878787878,0.4917324442259945,0.759469696969697,0.7140401568850774,0.85,0.4225,0.5950333090696901
