Model,capital-gain,marital-status,capital-loss,education,age,occupation,hours-per-week,workclass,sex,native-country,race
RandomForest,0.6846153846153846,0.43038461538461537,0.35307692307692307,0.3230769230769231,0.3046153846153846,0.28846153846153844,0.27576923076923077,0.14884615384615385,0.1276923076923077,0.09923076923076923,0.08653846153846154
LogisticRegression,0.6530769230769231,0.1276923076923077,0.19038461538461537,0.11115384615384616,0.07692307692307693,0.11653846153846154,0.13115384615384615,0.0673076923076923,0.05346153846153846,0.085,0.07038461538461538
MLPClassifier,0.5861538461538461,0.1176923076923077,0.27,0.09807692307692308,0.09692307692307692,0.09615384615384616,0.15884615384615386,0.06538461538461539,0.052307692307692305,0.07961538461538462,0.07153846153846154
KNeighbors,0.2692307692307692,0.245,0.6196153846153846,0.2642307692307692,0.26153846153846155,0.16884615384615384,0.23807692307692307,0.12,0.18730769230769231,0.08615384615384615,0.08961538461538461
XGBoost,0.63,0.2969230769230769,0.3780769230769231,0.2469230769230769,0.3553846153846154,0.21884615384615386,0.2696153846153846,0.10230769230769231,0.105,0.07653846153846154,0.07615384615384616
AdaBoost,0.6419230769230769,0.09,0.19653846153846155,0.15538461538461537,0.21846153846153846,0.17846153846153845,0.14923076923076922,0.07230769230769231,0.05269230769230769,0.06538461538461539,0.065
