Model,Time_Taken
RandomForest,18.9209725856781
LogisticRegression,9.65931749343872
MLPClassifier,13.17810845375061
KNeighbors,20.106661319732666
XGBoost,12.00726866722107
AdaBoost,19.864989519119263
