Model,Time_Taken
RandomForest,20.808839082717896
LogisticRegression,11.213097333908081
MLPClassifier,14.112363338470459
KNeighbors,17.288410663604736
XGBoost,16.741875648498535
AdaBoost,89.8353374004364
