Model,Accuracy,Precision,Recall,Auc_pr,Roc_auc,MCC,Log_loss
RandomForest,0.8992125984251969,0.6183180851935804,0.796183851496345,0.8691906306019757,0.9501721177355398,0.7106673754222186,0.23427213570214567
LogisticRegression,0.8522309711286089,0.5035680898255913,0.805723979624498,0.7566975612214616,0.9039737458356905,0.5615029315550142,0.3192033472231595
MLPClassifier,0.8779527559055118,0.5140480299300271,0.819260193198273,0.7928767781691992,0.9179530408750258,0.6587408202862484,0.6359856587727689
KNeighbors,0.89501312335958,0.6896686093466688,0.8081653318834037,0.8672583224367858,0.9391285863317069,0.698359633389069,0.5614434952716566
XGBoost,0.8973753280839895,0.5401119283273623,0.836272490975447,0.8635602248664602,0.9455850712943663,0.7049306746866427,0.24788008022145483
AdaBoost,0.8650918635170604,0.521831000883175,0.8208322708889308,0.8111532876085045,0.9242849479487778,0.600646928556144,0.6885691732169874
