Model,Time_Taken,Time_Taken_CFE
RandomForest,,4612.735307455063
LogisticRegression,,396.09921407699585
MLPClassifier,,544.4052007198334
KNeighbors,,2609.842390537262
XGBoost,,629.606228351593
AdaBoost,,12004.291228294373
