Model,Time_Taken
RandomForest,10017.981773138046
LogisticRegression,771.4811053276062
MLPClassifier,1067.0083088874817
KNeighbors,8224.244105815887
XGBoost,1189.684186220169
AdaBoost,24729.142422914505
