Model,Accuracy,Precision,Recall,Auc_pr,Roc_auc,MCC,Log_loss
RandomForest,0.8944300518134715,0.6633338598254067,0.7898943360829862,0.8905759697896386,0.9469274224261439,0.7384107282693891,0.26897721829704113
LogisticRegression,0.8143350604490501,0.5634147299996477,0.7722533791883954,0.7659193347545329,0.8856853339620246,0.5277183906217853,0.37559840228517927
MLPClassifier,0.8739205526770294,0.5913032312869433,0.8075553110565871,0.847411697744161,0.9268522968390127,0.6905633899677379,0.5803766825523592
KNeighbors,0.8898963730569949,0.7433427455128337,0.8307324821674759,0.8930740121234793,0.9401287154748733,0.7261065666228088,0.8247075231822318
XGBoost,0.8752158894645942,0.6030258112969865,0.811665426643219,0.8759668106008831,0.9386826499338061,0.68943556791003,0.28690461382388516
AdaBoost,0.8376511226252159,0.5845725387483347,0.7955566277060994,0.8319077411499203,0.9154407564244391,0.5902491942423208,0.6916798061931416
