Model,Time_Taken,Time_Taken_CFE
RandomForest,,5496.264850139618
LogisticRegression,,446.73762702941895
MLPClassifier,,621.2774481773376
KNeighbors,,3130.4622960090637
XGBoost,,709.161078453064
AdaBoost,,13261.216272592545
