Model,Accuracy,Precision,Recall,Auc_pr,Roc_auc,MCC,Log_loss
RandomForest,0.901965163019205,0.6712227069220059,0.7903405800418324,0.9019192655364188,0.9505627056601569,0.756180491746921,0.25158483226326994
LogisticRegression,0.8258150960250111,0.5664381410347752,0.7789258516160691,0.777665112888334,0.892333865534765,0.5578317784689139,0.3654065550726753
MLPClassifier,0.8778472532380527,0.5904455481469556,0.8026237312922095,0.8457155543256272,0.9268984014486263,0.6988745721002749,0.60476303212672
KNeighbors,0.8981688253684681,0.7585994137536431,0.8371647758924992,0.9098934657025451,0.9485155960980549,0.7464982722210469,0.6477699956165955
XGBoost,0.8907994640464493,0.6096209846889233,0.8150429107915382,0.8915468049690403,0.944982622325201,0.7277479276411812,0.2720038221059398
AdaBoost,0.8508262617239839,0.5933756353027431,0.7938472854376746,0.8412736195467839,0.9191813995599603,0.6232155995974578,0.6910347391210049
