Model,Time_Taken,Time_Taken_CFE
RandomForest,,5044.510668992996
LogisticRegression,,502.3084843158722
MLPClassifier,,734.2516214847565
KNeighbors,,4440.123551368713
XGBoost,,890.2132873535156
AdaBoost,,12457.175142288208
