Model,Accuracy,Precision,Recall,Auc_pr,Roc_auc,MCC,Log_loss
RandomForest,0.9221556886227545,0.760463415455877,0.7852804346258625,0.9003038754092542,0.9618178915626124,0.7852042794564358,0.2734076198119837
LogisticRegression,0.8522954091816367,0.5241506303236733,0.8057856037369819,0.7826645340215387,0.9092358973296277,0.5755609611872196,0.31534921374318925
MLPClassifier,0.8782435129740519,0.538755940155842,0.827624172911361,0.8316765789151784,0.9331627942317566,0.6603944607851955,0.2910929529348206
KNeighbors,0.8552126516198373,0.6908597017251755,0.6104959942389054,0.7865271653520872,0.9041596983816693,0.6020378920526442,0.9588258111925088
XGBoost,0.8885306310456011,0.5532263338789405,0.83373452893538,0.8694031679252041,0.9465537337599625,0.6845277474307283,0.24489766727751508
AdaBoost,0.8642714570858283,0.5594133565257847,0.7773403148521296,0.8097550810408601,0.9163983605118835,0.6116277733475032,0.6648244578900643
