Model,Time_Taken,Time_Taken_CFE
RandomForest,,1300.6970727443695
LogisticRegression,,683.051732301712
MLPClassifier,,965.489905834198
KNeighbors,,7320.280784606934
XGBoost,,933.5565826892853
AdaBoost,,1213.8493514060974
