Model,Accuracy,Precision,Recall,Auc_pr,Roc_auc,MCC,Log_loss
RandomForest,0.8181818181818182,0.5117993307617587,0.7403846153846154,0.7005696058327637,0.86,0.4490132550669373,0.3909588348523958
LogisticRegression,0.8787878787878788,0.4792036908369437,0.8125,0.6243235930735931,0.925,0.7040411302214369,0.3204061923495703
MLPClassifier,0.8484848484848485,0.478735776398441,0.8088235294117647,0.6234780844155844,0.9199999999999999,0.6062177826491071,0.40597557107184684
KNeighbors,0.6666666666666666,0.3649891774891775,0.44642857142857145,0.30598958333333326,0.665,0.12990381056766578,1.6028421243741113
XGBoost,0.7575757575757576,0.4314403502713538,0.65234375,0.5498036087475743,0.73,0.2833333333333333,0.7654017445096413
AdaBoost,0.7878787878787878,0.4469665906058632,0.7279411764705882,0.5789733414733415,0.81,0.44744645862196,0.5108052856173837
