Model,capital-gain,age,hours-per-week,marital-status,workclass,race,occupation,education,native-country,capital-loss,sex
RandomForest,0.7015384615384616,0.36230769230769233,0.19692307692307692,0.16076923076923078,0.1476923076923077,0.14692307692307693,0.11538461538461539,0.10384615384615385,0.08461538461538462,0.06076923076923077,0.05923076923076923
LogisticRegression,0.5823076923076923,0.11923076923076924,0.13923076923076924,0.08846153846153847,0.07923076923076923,0.09769230769230769,0.09230769230769231,0.09769230769230769,0.08692307692307692,0.22230769230769232,0.036923076923076927
MLPClassifier,0.43153846153846154,0.11384615384615385,0.1476923076923077,0.08846153846153847,0.09076923076923077,0.08692307692307692,0.09307692307692307,0.13,0.09846153846153846,0.33692307692307694,0.04230769230769231
KNeighbors,0.5976923076923077,0.17153846153846153,0.19923076923076924,0.10615384615384615,0.08846153846153847,0.06692307692307692,0.11461538461538462,0.09076923076923077,0.08538461538461538,0.09307692307692307,0.06230769230769231
XGBoost,0.4146153846153846,0.4430769230769231,0.46384615384615385,0.08538461538461538,0.07384615384615385,0.09307692307692307,0.08846153846153847,0.09076923076923077,0.06769230769230769,0.08846153846153847,0.03307692307692308
AdaBoost,0.45,0.26076923076923075,0.21307692307692308,0.10076923076923076,0.11461538461538462,0.12307692307692308,0.16615384615384615,0.13538461538461538,0.1946153846153846,0.28,0.040769230769230766
