Model,Time_Taken
RandomForest,7.341782331466675
LogisticRegression,3.923525094985962
MLPClassifier,7.045181751251221
KNeighbors,8.056499481201172
XGBoost,7.083086252212524
AdaBoost,11.840696573257446
