Model,Accuracy,Precision,Recall,Auc_pr,Roc_auc,MCC,Log_loss
RandomForest,0.9075697211155378,0.5546333887903108,0.8038423718240164,0.8131169568340506,0.947259889169795,0.6794533285722544,0.2195870251871484
LogisticRegression,0.8788844621513944,0.4360373842033539,0.844123629142104,0.7400482885827244,0.9258556994135021,0.563585137973262,0.259968572428864
MLPClassifier,0.8940239043824701,0.44407257805587946,0.8571476071198989,0.7718789651573076,0.9397307558075196,0.6254714039425565,0.24206406639712094
KNeighbors,0.8940239043824701,0.6045219651558538,0.7803035974215012,0.7792461865882477,0.9329060156456157,0.6225714499044622,0.5431824501232154
XGBoost,0.8972111553784861,0.4592714444747496,0.8632449458878876,0.8273367795789888,0.9492262315176587,0.6407730586220123,0.2156062204492431
AdaBoost,0.8892430278884462,0.45204362102310386,0.8459713327947989,0.7875107022633009,0.9336380738357297,0.5975843285345894,0.6814435185829062
