Model,Time_Taken,Time_Taken_CFE
RandomForest,,1476.4956531524658
LogisticRegression,,138.1833999156952
MLPClassifier,,206.25888776779175
KNeighbors,,544.2223079204559
XGBoost,,192.98306918144226
AdaBoost,,4780.775859594345
