Model,Accuracy,Precision,Recall,Auc_pr,Roc_auc,MCC,Log_loss
RandomForest,0.9177030554276063,0.7489360287949081,0.7882497528742877,0.8964178956656736,0.9581151365326422,0.7691676670410448,0.30641347857915713
LogisticRegression,0.846307385229541,0.5079781471237342,0.802179452581777,0.7544854139889403,0.899073985234556,0.5486870897417623,0.3301061619148627
MLPClassifier,0.8807001381851681,0.5284843907898498,0.8291301841926343,0.8261536639031226,0.9296883465645787,0.6666645577519329,0.2994145489514966
KNeighbors,0.8544449562413634,0.6860510499156253,0.5990488384854583,0.7747614457928376,0.8974840116884263,0.5935423041498671,1.025832509691982
XGBoost,0.8883770919699063,0.5436063686992251,0.8306371898918234,0.8573728874826817,0.9406392635019091,0.6792013302961745,0.25438902428860577
AdaBoost,0.8608935974205435,0.5283898971539895,0.7968868194792267,0.7956592256580326,0.9119955590394055,0.5948381175728789,0.6645953558306248
