Model,Time_Taken
RandomForest,2126.5399565696716
LogisticRegression,1122.3374817371368
MLPClassifier,1323.3330714702606
KNeighbors,8027.264050483704
XGBoost,1323.2807750701904
AdaBoost,2327.368738412857
