Model,Accuracy,Precision,Recall,Auc_pr,Roc_auc,MCC,Log_loss
RandomForest,0.9114541023558083,0.49180540406434725,0.8158000300857443,0.7653061497890836,0.9393448683821354,0.6533455628379853,0.21882936544393075
LogisticRegression,0.875710804224208,0.38115180747939625,0.8405323868677905,0.6738376283976714,0.9061840678300306,0.48138379000604575,0.266865931229131
MLPClassifier,0.8935824532900081,0.39605109704485525,0.8566286636287878,0.7357941957679991,0.9246302868973677,0.5615680136135306,0.24577467991847116
KNeighbors,0.9049553208773355,0.5773219513129418,0.796427553057151,0.7896219776594974,0.9400423937691019,0.6167179558556621,0.3593118786010505
XGBoost,0.9155158407798538,0.40733759276949083,0.8676013712571643,0.7783158078933348,0.9383540372670809,0.6688509953036073,0.23678633876779515
AdaBoost,0.8805848903330625,0.3907376914991659,0.8324897959183675,0.7010370115912201,0.9021443359952677,0.4962664299089175,0.6503725530238815
