Model,Time_Taken,Time_Taken_CFE
RandomForest,,1516.378812789917
LogisticRegression,,157.95653915405273
MLPClassifier,,234.43352150917053
KNeighbors,,799.4903833866119
XGBoost,,261.8275136947632
AdaBoost,,2370.985852241516
